{"cameraMode":{"drawMode":0,"name":"Shaded","section":"Shading Mode"},"sceneLighting":true,"audioPlay":false,"sceneViewState":{"m_AlwaysRefresh":false,"showFog":true,"showSkybox":true,"showFlares":true,"showImageEffects":true,"showParticleSystems":true,"showVisualEffectGraphs":true,"m_FxEnabled":true},"in2DMode":false,"pivot":{"x":7.275058269500732,"y":-6.270831108093262,"z":33.506168365478519},"rotation":{"x":-0.08982517570257187,"y":-0.09042005240917206,"z":0.008132641203701496,"w":-0.9918678402900696},"size":18.845890045166017,"orthographic":false}