{"cameraMode":{"drawMode":0,"name":"Shaded","section":"Shading Mode"},"sceneLighting":true,"audioPlay":false,"sceneViewState":{"m_AlwaysRefresh":false,"showFog":true,"showSkybox":true,"showFlares":true,"showImageEffects":true,"showParticleSystems":true,"showVisualEffectGraphs":true,"m_FxEnabled":true},"in2DMode":false,"pivot":{"x":-0.5926659107208252,"y":-0.5652193427085877,"z":8.048903465270996},"rotation":{"x":-0.07475844770669937,"y":0.11253821104764939,"z":-0.008493725210428238,"w":-0.9908096194267273},"size":5.707395553588867,"orthographic":false}